단지명,유형,자치구,위도,경도,수영장이름,수영장도보분,다이소도보분,최근실거래,면적
마곡엠밸리7단지,아파트,강서구,37.5612,126.8258,강서구민체육센터,4,3,6억2000,84
마곡13단지힐스테이트,아파트,강서구,37.5634,126.8291,강서구민체육센터,7,5,7억1000,84
마곡나루역센트럴,오피스텔,강서구,37.5598,126.8272,강서구민체육센터,5,4,2억4000,32
발산역아이파크,아파트,강서구,37.5581,126.8375,강서구민체육센터,9,6,5억8000,76
우장산힐스테이트,아파트,강서구,37.5497,126.8385,화곡체육센터,6,4,6억5000,84
화곡푸르지오,아파트,강서구,37.5412,126.8402,화곡체육센터,4,3,4억8000,74
화곡역센트럴타워,오피스텔,강서구,37.5423,126.8441,화곡체육센터,8,2,1억9000,29
등촌주공1단지,아파트,강서구,37.5521,126.8655,가양체육센터,12,7,4억2000,59
가양역파크뷰,오피스텔,강서구,37.5668,126.8551,가양체육센터,6,5,2억1000,33
가양9단지,아파트,강서구,37.5641,126.8578,가양체육센터,9,8,3억9000,49
방화두산위브,아파트,강서구,37.5772,126.8134,방화체육센터,11,9,3억7000,84
염창한화꿈에그린,아파트,강서구,37.5486,126.8742,염창체육센터,13,6,6억8000,84
목동신시가지7단지,아파트,양천구,37.5261,126.8663,목동실내수영장,5,4,9억5000,66
목동트라팰리스,오피스텔,양천구,37.5248,126.8691,목동실내수영장,3,3,3억2000,44
목동센트럴푸르지오,아파트,양천구,37.5285,126.8724,목동실내수영장,7,6,8억4000,84
목동14단지,아파트,양천구,37.5312,126.8612,목동실내수영장,9,7,7억9000,71
신정아이파크위브,아파트,양천구,37.5153,126.8567,양천구민체육센터,6,5,5억4000,84
신정래미안,아파트,양천구,37.5178,126.8523,양천구민체육센터,10,8,4억9000,59
신월시영,아파트,양천구,37.5246,126.8305,신월체육센터,14,11,2억8000,49
신월역스카이,오피스텔,양천구,37.5227,126.8348,신월체육센터,12,13,1억6000,28
