수영장ID,이름,자치구,시설구분,주소,위도,경도,성인자유수영,전화,홈페이지,정보상태,확인일,비고,구글PlaceID,구글확인일,구글리뷰필터
MP001,마포아트센터 수영장,마포구,공공,서울 마포구 대흥로20길 28,37.55020550,126.94535784,가능,02-3274-8500,https://www.mfac.or.kr/communication/daily_reservation.jsp,공식확인,2026-09-19,공식 일일입장 시간표와 요금 확인,ChIJlb54j6KYfDURrRoQrIUqdhE,2026-09-26,수영언급만
MP002,아현스포렉스,마포구,민간,서울 마포구 마포대로 247,37.55620499,126.95566228,가능,02-392-8006,https://heness.imweb.me/22,부분확인,2026-09-19,공식 시설 페이지에서 평일·토요일 운영시간 내 자유수영 가능 확인; 정확한 시간과 요금은 전화 확인 필요,ChIJvctAynmifDURuvg-JR4AA6s,2026-09-26,전체
MP003,신석스포렉스,마포구,민간,서울 마포구 대흥로 33,37.54476155,126.93780312,가능,,https://heness.imweb.me/25,부분확인,2026-09-19,공식 시설 페이지에서 토요일 운영시간 내 자유수영 가능 확인; 평일 시간과 요금은 전화 확인 필요,ChIJVbEYtz6ZfDURV-MDUwzvOEY,2026-09-26,전체
MP004,창천교육문화관,마포구,공공,서울 마포구 백범로1길 56,37.55503815,126.93866387,가능,02-714-9633,http://www.korspo.co.kr/changcheon.php,부분확인,2026-09-19,서울시 체육시설 정보에서 수영장과 운영 상태 확인; 자유수영 세부 시간은 운영처 재확인 필요,ChIJpSv4UpKZfDUR1I6v8T5RoOM,2026-09-26,전체
MP005,소의체육문화센터,마포구,민간,서울 마포구 마포대로24길 42,37.55176117,126.96174519,가능,02-364-8876,http://soeuisc.com/,공식시간표미확인,2026-09-19,자유수영은 확인되나 공개 자료마다 시간·요금이 달라 최신 공식값 미확인; 구글 지도에 이 시설이 등록돼 있지 않음(검색 시 서울소의초등학교가 잡힘),,,전체
MP006,월드컵스파랜드24 수영장,마포구,민간,서울 마포구 월드컵로 240,37.56870245,126.89497302,가능,02-302-7002,,공식시간표미확인,2026-09-19,자유수영은 확인되나 최신 공식 홈페이지 시간표를 찾지 못함,ChIJeYpLpReZfDUR5zIrQ9HAofA,2026-09-26,수영언급만
YC001,양천구민체육센터,양천구,공공,서울 양천구 목동동로 87,37.51651110,126.86434310,가능,02-2652-1792,https://www.ycs.or.kr/fmcs/19,공식확인,2026-09-26,공식 프로그램안내에서 자유수영 시간·정원·발권시간 확인. 회차마다 정원이 다르고 발권시간이 따로 있음,ChIJ_3YFE9edfDUR9eH0YpJKIVw,2026-09-26,수영언급만
YC002,신월문화체육센터,양천구,공공,서울 양천구 지양로 47,37.51978800,126.83498480,가능,02-2605-4093,https://www.ycs.or.kr/fmcs/23,공식확인,2026-09-26,공식 프로그램안내에서 자유수영 시간·요금·정원 확인. 매월 셋째 주 수요일 휴장,ChIJ9RIWOqOdfDURU8fmV4NOLzE,2026-09-26,수영언급만
YC003,목동문화체육센터,양천구,공공,서울 양천구 목동중앙본로 73,37.54273020,126.86917530,가능,02-2062-1862,https://www.ycs.or.kr/fmcs/27,공식확인,2026-09-26,공식 프로그램안내에서 자유수영 시간·요금·정원 확인,ChIJeeTda6CefDURrOZLbT_7BMc,2026-09-26,수영언급만
