수영장ID,항목,값,정보상태,출처,확인일,비고
MP001,레인길이m,25,확인필요,,2026-09-19,수영장.csv에서 옮김 · 원출처가 기록돼 있지 않음
MP002,레인길이m,25,확인필요,,2026-09-19,수영장.csv에서 옮김 · 원출처가 기록돼 있지 않음
MP002,레인수,6,확인필요,,2026-09-19,수영장.csv에서 옮김 · 원출처가 기록돼 있지 않음
MP003,레인길이m,25,확인필요,,2026-09-19,수영장.csv에서 옮김 · 원출처가 기록돼 있지 않음
MP004,레인길이m,25,확인필요,,2026-09-19,수영장.csv에서 옮김 · 원출처가 기록돼 있지 않음
MP004,레인수,5,확인필요,,2026-09-19,수영장.csv에서 옮김 · 원출처가 기록돼 있지 않음
MP005,레인길이m,25,확인필요,,2026-09-19,수영장.csv에서 옮김 · 원출처가 기록돼 있지 않음
MP005,레인수,5,확인필요,,2026-09-19,수영장.csv에서 옮김 · 원출처가 기록돼 있지 않음
MP006,레인길이m,25,확인필요,,2026-09-19,수영장.csv에서 옮김 · 원출처가 기록돼 있지 않음
MP006,레인수,6,확인필요,,2026-09-19,수영장.csv에서 옮김 · 원출처가 기록돼 있지 않음
MP002,수심m,1.15~1.3,후기참고,이용자 후기,2026-09-26,후기에 수심이 1.15m에서 1.3m로 바뀌었다는 언급 · 공식 미확인
MP002,물종류,해수,후기참고,이용자 후기,2026-09-26,후기에 해수풀 언급 · 공식 미확인
